username,url
TijanyAt,https://twitter.com/TijanyAt/status/1160621031700271109
lass_toure_,https://twitter.com/lass_toure_/status/1160559530280923139
lamine_mar,https://twitter.com/lamine_mar/status/1160629592350187520
Maimounatouuu,https://twitter.com/Maimounatouuu/status/1160625914998382594
abdrahmane_d,https://twitter.com/abdrahmane_d/status/1160625029102624769
fadios07,https://twitter.com/fadios07/status/1160592324671545344
Mams02817631,https://twitter.com/Mams02817631/status/1160491227965468672
boyfrombanjul,https://twitter.com/boyfrombanjul/status/1160701485451292673
snap221com,https://twitter.com/snap221com/status/1160700499752103937
abdoulaye_ms,https://twitter.com/abdoulaye_ms/status/1160695340225519616
kemo_bojang,https://twitter.com/kemo_bojang/status/1160692995630362624
theculturecrit,https://twitter.com/theculturecrit/status/1160665167656628225
Elhkane,https://twitter.com/Elhkane/status/1160664264115466240
_KanyKl,https://twitter.com/_KanyKl/status/1160646513355345921
maryam_adaora,https://twitter.com/maryam_adaora/status/1160634380190195717
aidara_fatima,https://twitter.com/aidara_fatima/status/1160627019358625794
aidara_fatima,https://twitter.com/aidara_fatima/status/1160622717814693888
skinnyboii9,https://twitter.com/skinnyboii9/status/1160617048592048129
DoulayeBreezy,https://twitter.com/DoulayeBreezy/status/1160615975127044097
Call_Me_Wawa,https://twitter.com/Call_Me_Wawa/status/1160615819870711808
freezoer,https://twitter.com/freezoer/status/1160609221156790272
LayeNdure,https://twitter.com/LayeNdure/status/1160605733513302019
elfouzodlama,https://twitter.com/elfouzodlama/status/1160559703933558784
Blakebrizzy,https://twitter.com/Blakebrizzy/status/1160514755821527042
BintaJammeh15,https://twitter.com/BintaJammeh15/status/1160679436473307136
GumzTouray,https://twitter.com/GumzTouray/status/1160655886966300677
ZainabPapi_CHE,https://twitter.com/ZainabPapi_CHE/status/1160646467738116096
bint0ujarju,https://twitter.com/bint0ujarju/status/1160640744807456768
fatoulaminjeng1,https://twitter.com/fatoulaminjeng1/status/1160633843411496961
YaayiBayam,https://twitter.com/YaayiBayam/status/1160626037534994433
sanusia_unfltrd,https://twitter.com/sanusia_unfltrd/status/1160610835967991808
baboucarrsey,https://twitter.com/baboucarrsey/status/1160546801323319297
ChoclateIC,https://twitter.com/ChoclateIC/status/1160535221919518721
Sheriff_Kinteh,https://twitter.com/Sheriff_Kinteh/status/1160533079527690244
mseckaa,https://twitter.com/mseckaa/status/1160525951689773056
dijahxdoll,https://twitter.com/dijahxdoll/status/1160523630960422913
majestyfee,https://twitter.com/majestyfee/status/1160501432610672641
jadz___,https://twitter.com/jadz___/status/1160499837990838272
OleyMaramMaama,https://twitter.com/OleyMaramMaama/status/1160693055927857152
BoussoDck,https://twitter.com/BoussoDck/status/1160685827397246977
Hanson_Baba,https://twitter.com/Hanson_Baba/status/1160678940735877120
Mr__RIP,https://twitter.com/Mr__RIP/status/1160677604569075714
naafi_k,https://twitter.com/naafi_k/status/1160663751370137600
dieme_khadime,https://twitter.com/dieme_khadime/status/1160661594893967361
Ndongo_Ali,https://twitter.com/Ndongo_Ali/status/1160655784436518915
ibu_fae,https://twitter.com/ibu_fae/status/1160652792127787013
LamineMarieme,https://twitter.com/LamineMarieme/status/1160634164200316931
NdellaGueye_,https://twitter.com/NdellaGueye_/status/1160628307865608192
ouleye_ba,https://twitter.com/ouleye_ba/status/1160624249553522689
kemo_bojang,https://twitter.com/kemo_bojang/status/1160623751186112517
c_moustaph,https://twitter.com/c_moustaph/status/1160622778594336769
saadani_d,https://twitter.com/saadani_d/status/1160619068153573377
Amina_Khoule,https://twitter.com/Amina_Khoule/status/1160618983646777345
majestyfee,https://twitter.com/majestyfee/status/1160579791814299654
MouhammadMbengu,https://twitter.com/MouhammadMbengu/status/1160673836225957888
_Miialuxcius,https://twitter.com/_Miialuxcius/status/1160666458629836802
SeydinaSeye,https://twitter.com/SeydinaSeye/status/1160655843572035585
ababacar_boye,https://twitter.com/ababacar_boye/status/1160650094603120642
Seydiikane,https://twitter.com/Seydiikane/status/1160633661550682113
cdfa2l,https://twitter.com/cdfa2l/status/1160622144818176000
Wanyy_BT,https://twitter.com/Wanyy_BT/status/1160599860690792448
HasatouDrammeh,https://twitter.com/HasatouDrammeh/status/1160583560543244289
theculturecrit,https://twitter.com/theculturecrit/status/1160565879375048712
AjieAmie,https://twitter.com/AjieAmie/status/1160519798230589440
HasatouDrammeh,https://twitter.com/HasatouDrammeh/status/1160518359454294016
Bronmed23,https://twitter.com/Bronmed23/status/1160508295309910016
AfreecanB,https://twitter.com/AfreecanB/status/1160495213791645697
Seydinadieye17,https://twitter.com/Seydinadieye17/status/1160487092696354816
riama_d_ebene,https://twitter.com/riama_d_ebene/status/1160486573412143105
cheikhmatarF,https://twitter.com/cheikhmatarF/status/1160473797419515904
_amide,https://twitter.com/_amide/status/1160636910194298881
jarra_sey,https://twitter.com/jarra_sey/status/1160623735961001984
sely761,https://twitter.com/sely761/status/1160615190469271552
genzofuda,https://twitter.com/genzofuda/status/1160572479556988928
Oumou17683602,https://twitter.com/Oumou17683602/status/1160571062435717120
BigBesso,https://twitter.com/BigBesso/status/1160558186434314241
abass_brah,https://twitter.com/abass_brah/status/1160539432249901056
assjuventino,https://twitter.com/assjuventino/status/1160538746011422720
SaineyTamba,https://twitter.com/SaineyTamba/status/1160522881790566400
hawa_galsen,https://twitter.com/hawa_galsen/status/1160563739151781891
camara_mouhamet,https://twitter.com/camara_mouhamet/status/1160552406595358720
dragiflore,https://twitter.com/dragiflore/status/1160545275238387712
bryant_alieu,https://twitter.com/bryant_alieu/status/1160540382213672960
CheickGueye10,https://twitter.com/CheickGueye10/status/1161062017580654592
ibra_hanne,https://twitter.com/ibra_hanne/status/1161058733545480192
adafll,https://twitter.com/adafll/status/1161064788060966913
fatii_slays,https://twitter.com/fatii_slays/status/1161064401971089408
_CHAHBG_,https://twitter.com/_CHAHBG_/status/1161064302297735174
MoUsLyMaT_D,https://twitter.com/MoUsLyMaT_D/status/1161062484184358917
adjamarieme221,https://twitter.com/adjamarieme221/status/1161061238853517314
DaoudaSeye6,https://twitter.com/DaoudaSeye6/status/1161060293046349825
fat0ush99,https://twitter.com/fat0ush99/status/1161060069989113856
diddyba2300,https://twitter.com/diddyba2300/status/1161059982542086149
Mouhamedassane1,https://twitter.com/Mouhamedassane1/status/1161059151096815616
emmv_sarr,https://twitter.com/emmv_sarr/status/1161058817565712385
Sata_Dl,https://twitter.com/Sata_Dl/status/1161057931904897024
MohamathThiam,https://twitter.com/MohamathThiam/status/1161057262531731456
diaxra_l,https://twitter.com/diaxra_l/status/1161056731482480640
coumbaa1,https://twitter.com/coumbaa1/status/1161056335544365056
aldosagna,https://twitter.com/aldosagna/status/1161056009156268032
DaveGnral1,https://twitter.com/DaveGnral1/status/1161014233309614085
ShamsObscure,https://twitter.com/ShamsObscure/status/1161055102771310592
mvlickneuftrois,https://twitter.com/mvlickneuftrois/status/1161054638445072385
DaDameskanitto,https://twitter.com/DaDameskanitto/status/1161054495645847553
MaguyJonas,https://twitter.com/MaguyJonas/status/1161053528867127297
LadyMounaa,https://twitter.com/LadyMounaa/status/1161052711766433793
Heisenkan,https://twitter.com/Heisenkan/status/1161064395893555204
mariamektall,https://twitter.com/mariamektall/status/1161063920695746560
leye_khadija,https://twitter.com/leye_khadija/status/1161063793327259650
vicky_salla,https://twitter.com/vicky_salla/status/1161063053317804034
BlacknBootifull,https://twitter.com/BlacknBootifull/status/1161062933146808321
karim_meissa,https://twitter.com/karim_meissa/status/1161062495827714048
__ramaJr__,https://twitter.com/__ramaJr__/status/1161062209449091073
___eog___,https://twitter.com/___eog___/status/1161062016494243840
NdeyemaguetteN,https://twitter.com/NdeyemaguetteN/status/1161060815660826624
Abibatou_,https://twitter.com/Abibatou_/status/1161060685410963456
AmadouWelleDia1,https://twitter.com/AmadouWelleDia1/status/1161060587494936576
Amina_Thm,https://twitter.com/Amina_Thm/status/1161060296519299073
Ndeyetouty4,https://twitter.com/Ndeyetouty4/status/1161059963315380225
themostangelic_,https://twitter.com/themostangelic_/status/1161059488402726912
Awaa_Diaw,https://twitter.com/Awaa_Diaw/status/1161058753795579904
Habiba_Drame,https://twitter.com/Habiba_Drame/status/1161057622788849664
JuniorJoop,https://twitter.com/JuniorJoop/status/1161056571377573889
UthmanNjaay,https://twitter.com/UthmanNjaay/status/1161056383694974982
thioune_paco,https://twitter.com/thioune_paco/status/1161053834266980359
Coumba_B,https://twitter.com/Coumba_B/status/1161052209632731136
theladybts,https://twitter.com/theladybts/status/1161052158076342273
Ndioro_,https://twitter.com/Ndioro_/status/1161052122919645184
Y0UMII0,https://twitter.com/Y0UMII0/status/1161051618818895872
DMariiama,https://twitter.com/DMariiama/status/1161051580365508615
PapiiThiiaw,https://twitter.com/PapiiThiiaw/status/1161051542939721733
maitretall05,https://twitter.com/maitretall05/status/1161050608188743680
Omar_Tidiane,https://twitter.com/Omar_Tidiane/status/1161050035938844672
___Nafissa,https://twitter.com/___Nafissa/status/1161049738713714688
Maymna_,https://twitter.com/Maymna_/status/1161064133606985730
mister_digital_,https://twitter.com/mister_digital_/status/1161063871211286528
bissata_,https://twitter.com/bissata_/status/1161062685892632576
S_J_D__,https://twitter.com/S_J_D__/status/1161062084840480770
azoubig,https://twitter.com/azoubig/status/1161061658623692800
its_Idy,https://twitter.com/its_Idy/status/1161061607813865472
PNdoucoumane,https://twitter.com/PNdoucoumane/status/1161061540314910721
laa_aicha,https://twitter.com/laa_aicha/status/1161061264568868870
ibSoOn_Baby,https://twitter.com/ibSoOn_Baby/status/1161061112747646976
Kinouush__,https://twitter.com/Kinouush__/status/1161060611012419587
manar_fall,https://twitter.com/manar_fall/status/1161060501910106112
seydouxhanne,https://twitter.com/seydouxhanne/status/1161059984869875713
Khady_TN,https://twitter.com/Khady_TN/status/1161059943228870656
Aminata07388093,https://twitter.com/Aminata07388093/status/1161059603607670784
DiopPacheikh27,https://twitter.com/DiopPacheikh27/status/1161058270846640135
absatou,https://twitter.com/absatou/status/1161057937361649664
DiionaBrown,https://twitter.com/DiionaBrown/status/1161057493092589570
Aidapoupouye,https://twitter.com/Aidapoupouye/status/1161057006947577857
gueye1986,https://twitter.com/gueye1986/status/1161056266921435136
kane_lamine,https://twitter.com/kane_lamine/status/1161055356862312453
Ccoumbaa,https://twitter.com/Ccoumbaa/status/1161055034123214848
MameCheikh02,https://twitter.com/MameCheikh02/status/1161054262782308352
Dia_Masterpiece,https://twitter.com/Dia_Masterpiece/status/1161053896464392197
kokydrame,https://twitter.com/kokydrame/status/1161053492187947011
princess_serere,https://twitter.com/princess_serere/status/1161053299174457349
cleobonbonn,https://twitter.com/cleobonbonn/status/1161051253079777281
iamkinegf,https://twitter.com/iamkinegf/status/1161049897040326657
Diaw_Ada,https://twitter.com/Diaw_Ada/status/1161049896109182976
fk_wathie,https://twitter.com/fk_wathie/status/1161049744573116416
_khadim_thiam_,https://twitter.com/_khadim_thiam_/status/1161049696342892545
mah_tih,https://twitter.com/mah_tih/status/1161049567711899648
MourtadaTSC,https://twitter.com/MourtadaTSC/status/1161048865858052096
Djiks70,https://twitter.com/Djiks70/status/1161048802788331522
shxeda_,https://twitter.com/shxeda_/status/1161007740082372608
Seuufiiie,https://twitter.com/Seuufiiie/status/1160956714709061632
BinetouDiop7,https://twitter.com/BinetouDiop7/status/1161048246975946752
AliouneBNdiaye1,https://twitter.com/AliouneBNdiaye1/status/1160969785565470720
MoustaphaNdiaay,https://twitter.com/MoustaphaNdiaay/status/1161028885653405696
mahmeet_lee,https://twitter.com/mahmeet_lee/status/1160965199970615298
TALIBEE_CHEIKH,https://twitter.com/TALIBEE_CHEIKH/status/1160898673594814465
Casadesambel,https://twitter.com/Casadesambel/status/1160893498633179139
AhmedNiang2,https://twitter.com/AhmedNiang2/status/1160888320064466947
moomo_beye,https://twitter.com/moomo_beye/status/1160983225226993670
MamyKa9,https://twitter.com/MamyKa9/status/1160990623207477248
____biinou____,https://twitter.com/____biinou____/status/1161048106118602753
diop_ousmane,https://twitter.com/diop_ousmane/status/1160996666109026310
Beaute_07,https://twitter.com/Beaute_07/status/1161060101618372608
MinaBDieng,https://twitter.com/MinaBDieng/status/1161051357551517696
MaevaNla,https://twitter.com/MaevaNla/status/1161028105223491584
2Oumou,https://twitter.com/2Oumou/status/1161027159907033088
Dykhive,https://twitter.com/Dykhive/status/1161019119585701888
twiinsaddict,https://twitter.com/twiinsaddict/status/1161040294114189312
ABYYSAMB,https://twitter.com/ABYYSAMB/status/1161020759969599494
PapyEast,https://twitter.com/PapyEast/status/1161014411370336256
Sabiine99,https://twitter.com/Sabiine99/status/1161012354722729985
GrownK,https://twitter.com/GrownK/status/1161010364433207297
Pvpi_Svkho,https://twitter.com/Pvpi_Svkho/status/1161005656666791938
SerignJr,https://twitter.com/SerignJr/status/1160999301327314945
Amath_d24,https://twitter.com/Amath_d24/status/1160994533200596994
TidianeDiouf11,https://twitter.com/TidianeDiouf11/status/1160989442817101824
Pacoo_D,https://twitter.com/Pacoo_D/status/1160988217270853633
allopassane,https://twitter.com/allopassane/status/1160984306228948992
yeumd98,https://twitter.com/yeumd98/status/1160976819232923649
Barbig_Wonroe,https://twitter.com/Barbig_Wonroe/status/1160955118013095936
Kalsoum_M,https://twitter.com/Kalsoum_M/status/1160947162383036416
khadime27,https://twitter.com/khadime27/status/1160930434819211265
13_diallo,https://twitter.com/13_diallo/status/1160914456911712256
__GaMouH,https://twitter.com/__GaMouH/status/1161028560544514048
christine_sarr,https://twitter.com/christine_sarr/status/1161020063190802435
sdieng51,https://twitter.com/sdieng51/status/1161014519906426881
Jeytleman,https://twitter.com/Jeytleman/status/1161013053326090240
_khoudiaa,https://twitter.com/_khoudiaa/status/1161012403817107457
Sey__Gye__yeS,https://twitter.com/Sey__Gye__yeS/status/1160997468923924480
A_MG28,https://twitter.com/A_MG28/status/1160983306487435266
Alsinesy,https://twitter.com/Alsinesy/status/1160967794281893889
alonsolazy,https://twitter.com/alonsolazy/status/1160951871147859970
Lamtoro95,https://twitter.com/Lamtoro95/status/1160947573949120512
mamadousamatey,https://twitter.com/mamadousamatey/status/1160931694146412545
bachir_bg,https://twitter.com/bachir_bg/status/1160907036621713409
benkhataab,https://twitter.com/benkhataab/status/1160906777262788608
MDiiop,https://twitter.com/MDiiop/status/1160905257456668672
papss22,https://twitter.com/papss22/status/1160895391652560896
Passane_B,https://twitter.com/Passane_B/status/1160851515713740800
Bibaa__W,https://twitter.com/Bibaa__W/status/1161002118142185474
Lalya_N,https://twitter.com/Lalya_N/status/1160999974383099904
wettanaam,https://twitter.com/wettanaam/status/1160992279303249927
_MomoRassoul,https://twitter.com/_MomoRassoul/status/1160988862954557445
UFBaby,https://twitter.com/UFBaby/status/1160975643565285379
__Mxmar,https://twitter.com/__Mxmar/status/1160946937530634241
madaweuzjoop,https://twitter.com/madaweuzjoop/status/1160939125580718081
Maibdiouf,https://twitter.com/Maibdiouf/status/1160929282459361280
hijabifatima,https://twitter.com/hijabifatima/status/1160918581330231297
abdouul_97,https://twitter.com/abdouul_97/status/1160917230122602497
Mastermiiiiiind,https://twitter.com/Mastermiiiiiind/status/1160898025541308416
SalifMouhamed,https://twitter.com/SalifMouhamed/status/1160895263436943360
dediouf,https://twitter.com/dediouf/status/1160982645163089924
zethiam,https://twitter.com/zethiam/status/1160962339878952961
Ibrahim04567703,https://twitter.com/Ibrahim04567703/status/1160943034323935233
Taff_le_hova,https://twitter.com/Taff_le_hova/status/1160935160948436992
PapaLeyti,https://twitter.com/PapaLeyti/status/1160932852479008771
Seydinamhd,https://twitter.com/Seydinamhd/status/1160930598036357120
grosbb27,https://twitter.com/grosbb27/status/1160916826597015552
McLywa,https://twitter.com/McLywa/status/1160916194800689152
latrodimendes,https://twitter.com/latrodimendes/status/1160909329568075776
slewlaajaack,https://twitter.com/slewlaajaack/status/1160906889007419392
Sylla51486917,https://twitter.com/Sylla51486917/status/1160895683504803841
oussoudiop90,https://twitter.com/oussoudiop90/status/1160890265575534594
Ouz_bii,https://twitter.com/Ouz_bii/status/1160853851987222529
_BaeSarah,https://twitter.com/_BaeSarah/status/1160708541906333708
AssaneSiby2,https://twitter.com/AssaneSiby2/status/1160934502056845313
kilifa_og,https://twitter.com/kilifa_og/status/1160929556095787008
beyonceisBee,https://twitter.com/beyonceisBee/status/1160926749821231104
Bocar_Tkls,https://twitter.com/Bocar_Tkls/status/1160922371680886784
Layobkzg,https://twitter.com/Layobkzg/status/1160903904940498944
Dioppalaye1,https://twitter.com/Dioppalaye1/status/1160901181230735360
BaElimaneba3,https://twitter.com/BaElimaneba3/status/1160892745684324352
souleymanelatyr,https://twitter.com/souleymanelatyr/status/1160891638127968256
PouloBodedio,https://twitter.com/PouloBodedio/status/1160889967629033472
mansourBaro92,https://twitter.com/mansourBaro92/status/1160877992379396096
DieyeFloyd,https://twitter.com/DieyeFloyd/status/1160850199260147712
_SeckElhadji,https://twitter.com/_SeckElhadji/status/1160913855364644864
Princess_Aji,https://twitter.com/Princess_Aji/status/1160909601841303553
TitanMansour,https://twitter.com/TitanMansour/status/1160903867489509376
ThiessiFall,https://twitter.com/ThiessiFall/status/1160895799640887296
elagethiaw,https://twitter.com/elagethiaw/status/1160880135131848704
XulioJuleSouley,https://twitter.com/XulioJuleSouley/status/1160865987987693568
hawaaxo,https://twitter.com/hawaaxo/status/1160769413299286016
Momo__Wade,https://twitter.com/Momo__Wade/status/1160887482927505411
laminegueye221,https://twitter.com/laminegueye221/status/1160885153448767488
___eog___,https://twitter.com/___eog___/status/1160884563423481856
Papitoo__,https://twitter.com/Papitoo__/status/1160881140783353856
ItsIbaa,https://twitter.com/ItsIbaa/status/1160880612590456832
miggbeye,https://twitter.com/miggbeye/status/1160876890888048640
JagneMomar,https://twitter.com/JagneMomar/status/1160870621410185216
moustafa25,https://twitter.com/moustafa25/status/1160869765289783296
BirahimJalloh,https://twitter.com/BirahimJalloh/status/1160853197071634433
xadymo,https://twitter.com/xadymo/status/1160851934112374784
Iammustafa__,https://twitter.com/Iammustafa__/status/1160849640289394688
GrannyzBoy,https://twitter.com/GrannyzBoy/status/1160809413604728832
iAmkiDtyGa,https://twitter.com/iAmkiDtyGa/status/1160756285169655808
GoziFall,https://twitter.com/GoziFall/status/1160869821216710656
Meuzounei,https://twitter.com/Meuzounei/status/1160867908664397824
vhmvd__,https://twitter.com/vhmvd__/status/1160867133670199296
Lenabae_,https://twitter.com/Lenabae_/status/1160865886636523525
MoctarSamb,https://twitter.com/MoctarSamb/status/1160861458181308416
zallo_N,https://twitter.com/zallo_N/status/1160860923936018432
cissehabibatou,https://twitter.com/cissehabibatou/status/1160860910023520256
Khady_Dioop,https://twitter.com/Khady_Dioop/status/1160859454205779969
TijaaniCheikh,https://twitter.com/TijaaniCheikh/status/1160858810044616704
kharagnesall,https://twitter.com/kharagnesall/status/1160857625304731648
diagnedoumo00,https://twitter.com/diagnedoumo00/status/1160857049384681472
paelhadji,https://twitter.com/paelhadji/status/1160843026819964928
jahateh_maimuna,https://twitter.com/jahateh_maimuna/status/1160746652921151488
sukaiiiiii,https://twitter.com/sukaiiiiii/status/1160730472491524096
sukaiiiiii,https://twitter.com/sukaiiiiii/status/1160730184619704321
__OSe,https://twitter.com/__OSe/status/1160713115295768576
MoustaphaNgomSn,https://twitter.com/MoustaphaNgomSn/status/1160858415746486272
lamine_saliha,https://twitter.com/lamine_saliha/status/1160849960415506438
EidPhotos,https://twitter.com/EidPhotos/status/1160805709681967107
EidPhotos,https://twitter.com/EidPhotos/status/1160797541618860033
deguenebruce23,https://twitter.com/deguenebruce23/status/1160737494608035841
_haddymay,https://twitter.com/_haddymay/status/1160723130358423553
Seuufiiie,https://twitter.com/Seuufiiie/status/1161425708276752384
FaBiiRa2,https://twitter.com/FaBiiRa2/status/1161424555145138177
Ndeyetouty4,https://twitter.com/Ndeyetouty4/status/1161424397623791616
Its__BF,https://twitter.com/Its__BF/status/1161424388975206405
linguere_aida,https://twitter.com/linguere_aida/status/1161424296499187712
Moimeme90435075,https://twitter.com/Moimeme90435075/status/1161424269152333825
Badianemalick98,https://twitter.com/Badianemalick98/status/1161424171404091392
NdiayePapaMata1,https://twitter.com/NdiayePapaMata1/status/1161423788820578304
Fatima_Ababacar,https://twitter.com/Fatima_Ababacar/status/1161423701201604608
khadimdjitte2,https://twitter.com/khadimdjitte2/status/1161420032779399170
fatim_bintdemba,https://twitter.com/fatim_bintdemba/status/1161417956154314752
MameFatouTraor2,https://twitter.com/MameFatouTraor2/status/1161417417492484099
OumouKhairy28,https://twitter.com/OumouKhairy28/status/1161416205032460289
ousntic,https://twitter.com/ousntic/status/1161415346122895360
BingieWinkyG,https://twitter.com/BingieWinkyG/status/1161414631254106112
BineBineNetetou,https://twitter.com/BineBineNetetou/status/1161414365955989505
HadySarrDiop,https://twitter.com/HadySarrDiop/status/1161413146575286278
hex_shuga,https://twitter.com/hex_shuga/status/1161409823658954754
uziert517,https://twitter.com/uziert517/status/1161409148946436096
NouroulHijab,https://twitter.com/NouroulHijab/status/1161409145091870720
CSinwinde,https://twitter.com/CSinwinde/status/1161408578445557761
FlaTheRipper,https://twitter.com/FlaTheRipper/status/1161408325440954369
NdiayeFatima5,https://twitter.com/NdiayeFatima5/status/1161408125867581440
RaamFall,https://twitter.com/RaamFall/status/1161408071694004225
bybyshadg,https://twitter.com/bybyshadg/status/1161407607724302337
Thiamos08,https://twitter.com/Thiamos08/status/1161407183352999937
Ngary54211209,https://twitter.com/Ngary54211209/status/1161308351680196610
raby_dll,https://twitter.com/raby_dll/status/1161305279646097409
NASallyT,https://twitter.com/NASallyT/status/1161234599726465024
Marie_Estar,https://twitter.com/Marie_Estar/status/1161290662404399104
Diagana98,https://twitter.com/Diagana98/status/1161067032944754690
tete_traore,https://twitter.com/tete_traore/status/1161373130713161729
habibndoye,https://twitter.com/habibndoye/status/1161069023435640832
Mignelebae,https://twitter.com/Mignelebae/status/1161082241658826752
aissatou2322,https://twitter.com/aissatou2322/status/1161228466978775040
LambertIssa,https://twitter.com/LambertIssa/status/1161282750680354818
Ibra_DC,https://twitter.com/Ibra_DC/status/1161357785612922880
louAtHeEbEsT,https://twitter.com/louAtHeEbEsT/status/1161403962068787206
claudina_vimont,https://twitter.com/claudina_vimont/status/1161130389664149505
jatuh_n,https://twitter.com/jatuh_n/status/1161401253739597827
DiakhateAita,https://twitter.com/DiakhateAita/status/1161376177396822017
OumarDi94833020,https://twitter.com/OumarDi94833020/status/1161327868716179456
bambadiaadieuf,https://twitter.com/bambadiaadieuf/status/1161087534891511808
FaBiiRa2,https://twitter.com/FaBiiRa2/status/1161409120282578944
RokhayaGueye11,https://twitter.com/RokhayaGueye11/status/1161402642653962244
NitaStyles01,https://twitter.com/NitaStyles01/status/1161393866467098624
PapeMoussaLo3,https://twitter.com/PapeMoussaLo3/status/1161380297860141058
SiniOgo,https://twitter.com/SiniOgo/status/1161379548681965568
sakawa__,https://twitter.com/sakawa__/status/1161377678102093824
Astou_D7,https://twitter.com/Astou_D7/status/1161372109882449922
badboiigalsen,https://twitter.com/badboiigalsen/status/1161366658180681734
eva_choupi,https://twitter.com/eva_choupi/status/1161366292718325760
nG0ne_di0p,https://twitter.com/nG0ne_di0p/status/1161352118726529024
Selena__S,https://twitter.com/Selena__S/status/1161338575293693952
Sokhnahh,https://twitter.com/Sokhnahh/status/1161327075913097216
BambaibnBamba,https://twitter.com/BambaibnBamba/status/1161308326744985600
sayedia1,https://twitter.com/sayedia1/status/1161262025521205249
b_chakur,https://twitter.com/b_chakur/status/1161243420305821696
OumyDg,https://twitter.com/OumyDg/status/1161236900000260096
MaayaaSamb,https://twitter.com/MaayaaSamb/status/1161089886318936064
AbyLaStar,https://twitter.com/AbyLaStar/status/1161088025973145600
mouridoulahiii,https://twitter.com/mouridoulahiii/status/1161081901035196416
ThianeMamico,https://twitter.com/ThianeMamico/status/1161079454468325377
amira_deuzou,https://twitter.com/amira_deuzou/status/1161389596476870657
FatimNiang4,https://twitter.com/FatimNiang4/status/1161383433513439232
DienaSow,https://twitter.com/DienaSow/status/1161379354162716672
Fatiim_T,https://twitter.com/Fatiim_T/status/1161370015519690752
SelemYakham,https://twitter.com/SelemYakham/status/1161351401471131648
mariam0417,https://twitter.com/mariam0417/status/1161349172160847873
picopa99999,https://twitter.com/picopa99999/status/1161333605592915974
Mandiayediouf7,https://twitter.com/Mandiayediouf7/status/1161320646435135488
_Maatys,https://twitter.com/_Maatys/status/1161285752157855748
Lady_Annaa,https://twitter.com/Lady_Annaa/status/1161279291902103555
LatyrDiouff,https://twitter.com/LatyrDiouff/status/1161259837013012480
biinetteS,https://twitter.com/biinetteS/status/1161102547517657088
Maaguiie_,https://twitter.com/Maaguiie_/status/1161098262335623170
siri_2018,https://twitter.com/siri_2018/status/1161093276285513729
NdAstoo,https://twitter.com/NdAstoo/status/1161088145024307200
bambadiaadieuf,https://twitter.com/bambadiaadieuf/status/1161087534891511808
Diorkebee,https://twitter.com/Diorkebee/status/1161082499822477312
NdoffeneDiouf,https://twitter.com/NdoffeneDiouf/status/1161066623639404544
mouhxmed,https://twitter.com/mouhxmed/status/1161369582235455491
momothiam09,https://twitter.com/momothiam09/status/1161368963827281920
yaggbaax,https://twitter.com/yaggbaax/status/1161368949025583104
sylla_momar,https://twitter.com/sylla_momar/status/1161341448480075778
SoubsGrafic,https://twitter.com/SoubsGrafic/status/1161324739442425856
ndiouga_dia,https://twitter.com/ndiouga_dia/status/1161305204974899200
_Maatys,https://twitter.com/_Maatys/status/1161285752157855748
JeynaSow,https://twitter.com/JeynaSow/status/1161240371827007488
SoniaSeck,https://twitter.com/SoniaSeck/status/1161239604537831424
missndioo,https://twitter.com/missndioo/status/1161217466372173825
marokasse,https://twitter.com/marokasse/status/1161186060682113024
biinetteS,https://twitter.com/biinetteS/status/1161102547517657088
modou_mai,https://twitter.com/modou_mai/status/1161078226342596613
sene_moise,https://twitter.com/sene_moise/status/1161075195618238464
SodaMarime1,https://twitter.com/SodaMarime1/status/1161066242909884418
Zaraaaa_Df,https://twitter.com/Zaraaaa_Df/status/1161066091713585152
beyonceisBee,https://twitter.com/beyonceisBee/status/1161340578090639360
Sambaacisse,https://twitter.com/Sambaacisse/status/1161324546634502144
AbsaAw,https://twitter.com/AbsaAw/status/1161316435723001857
Awaa_Ndiaye,https://twitter.com/Awaa_Ndiaye/status/1161273380244533253
DiorBirima,https://twitter.com/DiorBirima/status/1161272511801303042
fatookinei,https://twitter.com/fatookinei/status/1161247480752803841
Mcousseyni,https://twitter.com/Mcousseyni/status/1161231461430779905
laplusdoucee,https://twitter.com/laplusdoucee/status/1161212425494044673
Sir_Diagne,https://twitter.com/Sir_Diagne/status/1161212423518457856
diopsarr88,https://twitter.com/diopsarr88/status/1161193595640188928
MaguetteSakho,https://twitter.com/MaguetteSakho/status/1161185705164496897
OgLaye,https://twitter.com/OgLaye/status/1161172323896107008
DIAGNEAstou3,https://twitter.com/DIAGNEAstou3/status/1161090101587402754
elmarabdou,https://twitter.com/elmarabdou/status/1161084449435672576
absatou,https://twitter.com/absatou/status/1161075085198970880
Aly_Bichri,https://twitter.com/Aly_Bichri/status/1161260562363355136
drame_macire,https://twitter.com/drame_macire/status/1161256398702993410
GoodBoyBacaar,https://twitter.com/GoodBoyBacaar/status/1161252996434538503
Nabila_sanii,https://twitter.com/Nabila_sanii/status/1161252353187688448
mamadoulayeka,https://twitter.com/mamadoulayeka/status/1161239303890059267
DiattaEmmy,https://twitter.com/DiattaEmmy/status/1161196234218098688
son_excellence1,https://twitter.com/son_excellence1/status/1161092897787338752
MotsMauxDoux,https://twitter.com/MotsMauxDoux/status/1161071738408624128
naas_nour,https://twitter.com/naas_nour/status/1161071354831089664
BintooDiouf,https://twitter.com/BintooDiouf/status/1161071010948485120
assaneamadou,https://twitter.com/assaneamadou/status/1161069516505387009
TishadBenzo,https://twitter.com/TishadBenzo/status/1161068980334977029
aminata_aida,https://twitter.com/aminata_aida/status/1161067719825010689
bousso_maty,https://twitter.com/bousso_maty/status/1161223090938007554
_S_Thiam_Zeuz,https://twitter.com/_S_Thiam_Zeuz/status/1161197160219729920
HadjMadior,https://twitter.com/HadjMadior/status/1161101336521453568
adjaadam,https://twitter.com/adjaadam/status/1161096353730244608
at_tidjany,https://twitter.com/at_tidjany/status/1161090651838173185
MalikNgom,https://twitter.com/MalikNgom/status/1161073330876760070
lahi_limamou,https://twitter.com/lahi_limamou/status/1161072138545180675
Claude_Malot,https://twitter.com/Claude_Malot/status/1161070527332700161
gueyealioune533,https://twitter.com/gueyealioune533/status/1161066276250378240
esixko14,https://twitter.com/esixko14/status/1161066113809166336
safietouu,https://twitter.com/safietouu/status/1161078099246813185
RabiaFaye,https://twitter.com/RabiaFaye/status/1161077965863759873
fashaa_b,https://twitter.com/fashaa_b/status/1161076596079550465
Fatouu_S,https://twitter.com/Fatouu_S/status/1161071916033171463
bakhawba89,https://twitter.com/bakhawba89/status/1161070580122181632
aaraame,https://twitter.com/aaraame/status/1161070150206009345
s0phieng,https://twitter.com/s0phieng/status/1161069589276610560
ogougbemy,https://twitter.com/ogougbemy/status/1161069131032121344
MerryChristXIX,https://twitter.com/MerryChristXIX/status/1161068823480606724
Sonia_Seck,https://twitter.com/Sonia_Seck/status/1161068688000344065
Tiffany_CNDL,https://twitter.com/Tiffany_CNDL/status/1161067287140622337
aiisaatou,https://twitter.com/aiisaatou/status/1161067277871177728
Nobsidienne,https://twitter.com/Nobsidienne/status/1161066799947014145
WinwinCComo,https://twitter.com/WinwinCComo/status/1161066760021450752
_roid_,https://twitter.com/_roid_/status/1161066325273448448
OmgItsFsk,https://twitter.com/OmgItsFsk/status/1161066294898286592
ramatoulayetall,https://twitter.com/ramatoulayetall/status/1161065540015853569
fayeouzin,https://twitter.com/fayeouzin/status/1161065490174922752
diengcheikhouna,https://twitter.com/diengcheikhouna/status/1161065301234130944
thier_du92i,https://twitter.com/thier_du92i/status/1161069283998408705
thekittyhunter,https://twitter.com/thekittyhunter/status/1161069021804060672
ThioroAhlem,https://twitter.com/ThioroAhlem/status/1161068484811481088
SodaDia4,https://twitter.com/SodaDia4/status/1161068167868878849
AisseW,https://twitter.com/AisseW/status/1161067794655522817
mbinetad,https://twitter.com/mbinetad/status/1161067734358253568
elh_bal,https://twitter.com/elh_bal/status/1161067439939117056
OthmaneJ8,https://twitter.com/OthmaneJ8/status/1161066890795659264
naardieng,https://twitter.com/naardieng/status/1161066824387256321
BlueGenius99,https://twitter.com/BlueGenius99/status/1161066463312187392
cheikhtidianek9,https://twitter.com/cheikhtidianek9/status/1161066313579716608
__LoloMarie,https://twitter.com/__LoloMarie/status/1161065296771407873
A_Ado_,https://twitter.com/A_Ado_/status/1161064933800521729
Riaaam_,https://twitter.com/Riaaam_/status/1161064856293912576
Khadija_jah,https://twitter.com/Khadija_jah/status/1161065216232366080
mourtalla221,https://twitter.com/mourtalla221/status/1161772337332707330
memedou9,https://twitter.com/memedou9/status/1161788512712220673
seuksybabs,https://twitter.com/seuksybabs/status/1161786610867998725
KhadySeynabou,https://twitter.com/KhadySeynabou/status/1161781442642419712
Kingmoussand99,https://twitter.com/Kingmoussand99/status/1161778019717046272
DjilyKn,https://twitter.com/DjilyKn/status/1161769795878043650
awa_yacine,https://twitter.com/awa_yacine/status/1161762538394181633
MoctarSy5,https://twitter.com/MoctarSy5/status/1161748522724708359
BaldehF,https://twitter.com/BaldehF/status/1161736949067112449
black_over9,https://twitter.com/black_over9/status/1161730310901555200
Absandiaye19,https://twitter.com/Absandiaye19/status/1161788599186186240
PNiangIbrahima,https://twitter.com/PNiangIbrahima/status/1161575429964271617
nobody__b,https://twitter.com/nobody__b/status/1161732363577176064
s_ydii,https://twitter.com/s_ydii/status/1161771941331689472
RacinesEspoir,https://twitter.com/RacinesEspoir/status/1161712405686231040
CheikhouNasty,https://twitter.com/CheikhouNasty/status/1161626665405034496
CodouDiop14,https://twitter.com/CodouDiop14/status/1161638508072722434
PapaBouna0,https://twitter.com/PapaBouna0/status/1161439873997398016
afia_ndiogou,https://twitter.com/afia_ndiogou/status/1161653882797383680
Loord88Malm,https://twitter.com/Loord88Malm/status/1161448272910856198
masseseye1,https://twitter.com/masseseye1/status/1161448800554274821
OusmaneThoOG,https://twitter.com/OusmaneThoOG/status/1161762402884562951
IamOumar,https://twitter.com/IamOumar/status/1161624723010260992
ndione_adama,https://twitter.com/ndione_adama/status/1161498472337612800
fatimeu_,https://twitter.com/fatimeu_/status/1161643404536811521
ndione_adama,https://twitter.com/ndione_adama/status/1161503114949791755
maguetty_diop,https://twitter.com/maguetty_diop/status/1161427592844587013
XabierAlex,https://twitter.com/XabierAlex/status/1161438199190884352
limametti,https://twitter.com/limametti/status/1161566687302422528
_fatoucisse,https://twitter.com/_fatoucisse/status/1161680071511486467
anta_lahii,https://twitter.com/anta_lahii/status/1161674982642061313
omario_gb,https://twitter.com/omario_gb/status/1161434525374853127
AdgCouture,https://twitter.com/AdgCouture/status/1161671146842066945
fulani_Aangel,https://twitter.com/fulani_Aangel/status/1161431744945545219
seydina_aliou45,https://twitter.com/seydina_aliou45/status/1161649854185115648
sadagaye1,https://twitter.com/sadagaye1/status/1161434884319133697
ndione_adama,https://twitter.com/ndione_adama/status/1161481473200992257
Maayelaye,https://twitter.com/Maayelaye/status/1161431447376408579
Abdoulayefaye96,https://twitter.com/Abdoulayefaye96/status/1161476661252120581
ndione_adama,https://twitter.com/ndione_adama/status/1161483597670490112
ndione_adama,https://twitter.com/ndione_adama/status/1161476094073155585
afrofeewi,https://twitter.com/afrofeewi/status/1161441653749665792
MameAwaLaye1,https://twitter.com/MameAwaLaye1/status/1161703036970033152
kande_seynabou,https://twitter.com/kande_seynabou/status/1161688794623614976
Haddie_dijjaa,https://twitter.com/Haddie_dijjaa/status/1161672357305622528
aminaa_ly,https://twitter.com/aminaa_ly/status/1161639337303379969
bacro_17,https://twitter.com/bacro_17/status/1161764241248006151
MiimiAadji__,https://twitter.com/MiimiAadji__/status/1161727246513688576
bamba_yrn,https://twitter.com/bamba_yrn/status/1161638526724784128
conchouu,https://twitter.com/conchouu/status/1161598876215894017
ouhmoujahllow,https://twitter.com/ouhmoujahllow/status/1161568541725929473
fallou42,https://twitter.com/fallou42/status/1161526515491909632
ndione_adama,https://twitter.com/ndione_adama/status/1161477598536511488
ndione_adama,https://twitter.com/ndione_adama/status/1161476773995077633
Mouha_Moustapha,https://twitter.com/Mouha_Moustapha/status/1161471477159464960
SyCoumba2,https://twitter.com/SyCoumba2/status/1161465270340399106
Pvpi_Svkho,https://twitter.com/Pvpi_Svkho/status/1161459386168041475
Pvpi_Svkho,https://twitter.com/Pvpi_Svkho/status/1161458004551753729
ThiawYasin,https://twitter.com/ThiawYasin/status/1161450159076782080
FifyNjaay,https://twitter.com/FifyNjaay/status/1161445550669094912
Baamba_D,https://twitter.com/Baamba_D/status/1161440449418207237
LoAndrsMessi1,https://twitter.com/LoAndrsMessi1/status/1161429659088801793
KamissaFall,https://twitter.com/KamissaFall/status/1161429292091432961
KaderAnta,https://twitter.com/KaderAnta/status/1161717979920392194
libid0r,https://twitter.com/libid0r/status/1161696641159749633
CoumbaLeonie,https://twitter.com/CoumbaLeonie/status/1161688423733874688
Adjifa11,https://twitter.com/Adjifa11/status/1161599612907663360
LoFatima1,https://twitter.com/LoFatima1/status/1161595461637156865
cheikhsalam97,https://twitter.com/cheikhsalam97/status/1161477700244185088
DBintoo,https://twitter.com/DBintoo/status/1161447747393708034
s_ydii,https://twitter.com/s_ydii/status/1161447080843456514
Kya_niang11,https://twitter.com/Kya_niang11/status/1161440940327931904
FatimabintZahra,https://twitter.com/FatimabintZahra/status/1161438896347131905
MoustaphaNgomSn,https://twitter.com/MoustaphaNgomSn/status/1161437455712739330
mohamedDiakhat9,https://twitter.com/mohamedDiakhat9/status/1161431097793814531
fatimasamb2,https://twitter.com/fatimasamb2/status/1161430752711598083
BadaraMb6,https://twitter.com/BadaraMb6/status/1161691496174759936
HadjiWack,https://twitter.com/HadjiWack/status/1161663315124400128
Lord_Alioune,https://twitter.com/Lord_Alioune/status/1161654802876719107
farbaSeckAdo,https://twitter.com/farbaSeckAdo/status/1161649629957644288
Abdallaah_N,https://twitter.com/Abdallaah_N/status/1161626293156417536
BarroSadikh,https://twitter.com/BarroSadikh/status/1161625687503101952
realmc_officiel,https://twitter.com/realmc_officiel/status/1161618061650202624
NdobouN,https://twitter.com/NdobouN/status/1161601802518896640
Nab30Zey,https://twitter.com/Nab30Zey/status/1161600935614910465
pac941,https://twitter.com/pac941/status/1161580725335986177
LckSlays,https://twitter.com/LckSlays/status/1161579037451608064
dabshoulo,https://twitter.com/dabshoulo/status/1161569819969380352
DineAmina1,https://twitter.com/DineAmina1/status/1161549664371597312
Oumymakadji,https://twitter.com/Oumymakadji/status/1161489953303465984
BambisteKhadim,https://twitter.com/BambisteKhadim/status/1161451440549900289
Solalma4,https://twitter.com/Solalma4/status/1161451032003665920
jpdioma,https://twitter.com/jpdioma/status/1161446072222396416
IbrooGueye,https://twitter.com/IbrooGueye/status/1161443605808144384
bordiasse,https://twitter.com/bordiasse/status/1161641872978251776
amiinange,https://twitter.com/amiinange/status/1161641847313317889
AlMans0ura,https://twitter.com/AlMans0ura/status/1161614355550613509
ASSANEDIOPSARR5,https://twitter.com/ASSANEDIOPSARR5/status/1161610530320240640
AB_Barry01,https://twitter.com/AB_Barry01/status/1161593221501390848
im_marieme,https://twitter.com/im_marieme/status/1161588769499353090
cisse_mb,https://twitter.com/cisse_mb/status/1161576025651843072
mbenguerokhaya2,https://twitter.com/mbenguerokhaya2/status/1161557465177239552
ndione_adama,https://twitter.com/ndione_adama/status/1161498085824106498
Darknes05008544,https://twitter.com/Darknes05008544/status/1161494351878479873
ndione_adama,https://twitter.com/ndione_adama/status/1161492429779980288
ThiorSene,https://twitter.com/ThiorSene/status/1161466875018121216
khadygu,https://twitter.com/khadygu/status/1161457772023730176
KyaDiouf1,https://twitter.com/KyaDiouf1/status/1161447083553034245
AdamaDi48979139,https://twitter.com/AdamaDi48979139/status/1161444605499457537
YaSohna99,https://twitter.com/YaSohna99/status/1161444533718134787
massamba_gning,https://twitter.com/massamba_gning/status/1161432281636069376
yv000nne,https://twitter.com/yv000nne/status/1161430261990641671
SenMultiSen,https://twitter.com/SenMultiSen/status/1161428051760177154
NevermindTHIAM,https://twitter.com/NevermindTHIAM/status/1161607147437928448
massamba_gning,https://twitter.com/massamba_gning/status/1161597152839311362
AssyZahra,https://twitter.com/AssyZahra/status/1161596897238364162
LansEric12,https://twitter.com/LansEric12/status/1161595382553600000
FatouTop1,https://twitter.com/FatouTop1/status/1161592436088606721
ibra_597,https://twitter.com/ibra_597/status/1161586394235584512
LG_lamine,https://twitter.com/LG_lamine/status/1161580728032944129
moussa_gueye,https://twitter.com/moussa_gueye/status/1161568227354390528
ndione_adama,https://twitter.com/ndione_adama/status/1161502728566317064
ndione_adama,https://twitter.com/ndione_adama/status/1161502466598457347
ndione_adama,https://twitter.com/ndione_adama/status/1161500114235645958
Mohamedkbnzema9,https://twitter.com/Mohamedkbnzema9/status/1161495902328119297
Camaraldo_7,https://twitter.com/Camaraldo_7/status/1161489260148678657
MohamedBadiane4,https://twitter.com/MohamedBadiane4/status/1161481666612858883
ndione_adama,https://twitter.com/ndione_adama/status/1161480033757741056
ndione_adama,https://twitter.com/ndione_adama/status/1161478852557910017
AmarThiate,https://twitter.com/AmarThiate/status/1161465820440080387
ndoyeleboo,https://twitter.com/ndoyeleboo/status/1161464048787120130
Miimiita01,https://twitter.com/Miimiita01/status/1161452854672023553
elhaj05,https://twitter.com/elhaj05/status/1161447274779684865
MariaThian,https://twitter.com/MariaThian/status/1161444735799742464
dieng_rocky,https://twitter.com/dieng_rocky/status/1161436944796176385
Momongom5,https://twitter.com/Momongom5/status/1161996739068518400
mamadoulemind,https://twitter.com/mamadoulemind/status/1161974627616342016
maaamadiop,https://twitter.com/maaamadiop/status/1162034513763061762
Kendrix802,https://twitter.com/Kendrix802/status/1161830421329580032
pamor6c,https://twitter.com/pamor6c/status/1162112232936878080
falloufcb2,https://twitter.com/falloufcb2/status/1161968737915998208
EdnaLinguere,https://twitter.com/EdnaLinguere/status/1162103163475955714
ZoomLeGrand,https://twitter.com/ZoomLeGrand/status/1162136000233127938
LordAxim,https://twitter.com/LordAxim/status/1162110479050911765
AbdoulayeWilder,https://twitter.com/AbdoulayeWilder/status/1162099758082732037
NdeyearameTop,https://twitter.com/NdeyearameTop/status/1162097198038806528
FatimDoucoureBa,https://twitter.com/FatimDoucoureBa/status/1162088195749756928
FatimDoucoureBa,https://twitter.com/FatimDoucoureBa/status/1162088002534944775
fayematar,https://twitter.com/fayematar/status/1162063853573824512
elood_,https://twitter.com/elood_/status/1162038702723469314
Mad_Booboo,https://twitter.com/Mad_Booboo/status/1161986175193755648
Momar_01,https://twitter.com/Momar_01/status/1161975970934460416
issaibnibrahim7,https://twitter.com/issaibnibrahim7/status/1161975476988141569
kyra_lo,https://twitter.com/kyra_lo/status/1161942263708160000
DjibrilPouye,https://twitter.com/DjibrilPouye/status/1162122831951519749
Mathiaw_Diagne,https://twitter.com/Mathiaw_Diagne/status/1161998261483388928
Fifitangom,https://twitter.com/Fifitangom/status/1161844613147222016
Dieynasdiouf,https://twitter.com/Dieynasdiouf/status/1161827135562104832
Hussein63977438,https://twitter.com/Hussein63977438/status/1161816449918410752
mamadou21091761,https://twitter.com/mamadou21091761/status/1161805897590542336
fgwaggeh,https://twitter.com/fgwaggeh/status/1161801678200418304
a_melanin_girl,https://twitter.com/a_melanin_girl/status/1161797157722177541
MoMoBa12,https://twitter.com/MoMoBa12/status/1161796986334601216
snap221com,https://twitter.com/snap221com/status/1162110228827123714
Babacar44234805,https://twitter.com/Babacar44234805/status/1161931546389032960
Fifitangom,https://twitter.com/Fifitangom/status/1161842605921116161
Princess_Utamu,https://twitter.com/Princess_Utamu/status/1162367623302193152
Excllens,https://twitter.com/Excllens/status/1162484447356358656
Sir_Diagne,https://twitter.com/Sir_Diagne/status/1162337640613650433
taaradieng,https://twitter.com/taaradieng/status/1162507718198005760
____siia,https://twitter.com/____siia/status/1162462849215729664
snap221com,https://twitter.com/snap221com/status/1162420655100481536
mosseus,https://twitter.com/mosseus/status/1162356567372652544
freezoer,https://twitter.com/freezoer/status/1162503004995674112
Hakim0809,https://twitter.com/Hakim0809/status/1162417921911664642
PaNiawood,https://twitter.com/PaNiawood/status/1162401528856137729
koutailgueye,https://twitter.com/koutailgueye/status/1162356787686838272
Khadidii,https://twitter.com/Khadidii/status/1162352231540240386
di_ndeiah,https://twitter.com/di_ndeiah/status/1162188892797308929
MatarThiam16,https://twitter.com/MatarThiam16/status/1162153759323152384
abn___0,https://twitter.com/abn___0/status/1162406945678139392
its_md00,https://twitter.com/its_md00/status/1162376959759966208
lady_sokhna,https://twitter.com/lady_sokhna/status/1162336900037767169
cheikhfatma24,https://twitter.com/cheikhfatma24/status/1162718782902669314
Diamondboii_Sl,https://twitter.com/Diamondboii_Sl/status/1162532796142895104
